policy,channel,seed,start,horizon,b_probe,b_payload,metadata_noise,metadata_loss,rmse_mean,loss_mean,missed_violation_pct,metadata_seen_frac_mean,debt_changed_decision_pct,payload_success_pct,payload_fairness_jain,probe_fairness_jain,max_age,avg_age,max_payload_debt,window_id,variant
ablation_full,severe_burst,50260,847,240,4,4,0.0,0.0,0.15165111377963728,0.0011453115774058575,0.01394700139470014,0.1333333333333333,98.32635983263599,73.74476987447699,0.9839329931313642,0.9998862194214684,14.0,5.3,0.10718270571827057,0,Full (corr+debt)
ablation_vou_only,severe_burst,50260,847,240,4,4,0.0,0.0,0.18460047683415992,0.0005158370097629011,0.0,0.1333333333333333,98.74476987447699,73.74476987447699,0.8341419783509476,0.3835587003416176,25.0,6.366666666666666,0.11032078103207811,0,VoU-only (R=I)
ablation_corr_nodebt,severe_burst,50260,847,240,4,4,0.0,0.0,0.1883689405271745,0.0005543380934449094,0.0,0.1333333333333333,96.65271966527196,73.74476987447699,0.8480745318560577,0.3884097882720927,65.0,7.633333333333334,0.11032078103207811,0,+corr -debt
ablation_debt_nocorr,severe_burst,50260,847,240,4,4,0.0,0.0,0.15148258336193768,0.001144803262203626,0.01394700139470014,0.1333333333333333,97.48953974895397,73.74476987447699,0.9832343575178576,0.9998862194214684,15.0,5.9,0.10613668061366806,0,+debt -corr
ablation_full,severe_burst,50277,2560,240,4,4,0.0,0.0,0.12216151033693898,0.010183350748953976,0.16736401673640167,0.1333333333333333,100.0,73.64016736401673,0.8678365238529314,0.8678365238529314,138.0,34.7,0.11136680613668061,1,Full (corr+debt)
ablation_vou_only,severe_burst,50277,2560,240,4,4,0.0,0.0,0.16003243445404683,0.05544534165550907,0.9205020920502093,0.1333333333333333,100.0,73.64016736401673,0.5038624811176163,0.4836868622718995,238.0,70.3,0.13228730822873083,1,VoU-only (R=I)
ablation_corr_nodebt,severe_burst,50277,2560,240,4,4,0.0,0.0,0.1709431505651197,0.08227283937935843,1.3668061366806137,0.1333333333333333,100.0,73.64016736401673,0.4955516515930333,0.47703694424436,238.0,76.1,0.13228730822873083,1,+corr -debt
ablation_debt_nocorr,severe_burst,50277,2560,240,4,4,0.0,0.0,0.12673135409087952,0.010192594458856345,0.16736401673640167,0.1333333333333333,100.0,73.64016736401673,0.8445947694298117,0.8445947694298117,138.0,34.03333333333333,0.11241283124128312,1,+debt -corr
ablation_full,severe_burst,50294,3159,240,4,4,0.0,0.0,0.03462572935862502,0.0016827825285913522,0.02789400278940028,0.1333333333333333,100.0,75.83682008368201,0.9844417156767692,0.9844417156767692,117.0,11.566666666666666,0.10195258019525802,2,Full (corr+debt)
ablation_vou_only,severe_burst,50294,3159,240,4,4,0.0,0.0,0.10916592129427563,0.1624693102566248,2.7057182705718272,0.1333333333333333,100.0,75.83682008368201,0.5863525547257933,0.5852711391172926,239.0,85.63333333333334,0.13333333333333333,2,VoU-only (R=I)
ablation_corr_nodebt,severe_burst,50294,3159,240,4,4,0.0,0.0,0.10944665901635243,0.16246920733612272,2.7057182705718272,0.1333333333333333,100.0,75.83682008368201,0.5874379740326516,0.5867591165896248,239.0,85.56666666666666,0.13333333333333333,2,+corr -debt
ablation_debt_nocorr,severe_burst,50294,3159,240,4,4,0.0,0.0,0.035275956901136475,0.001683210885634588,0.02789400278940028,0.1333333333333333,100.0,75.83682008368201,0.9810180116356443,0.9810180116356443,117.0,11.5,0.10195258019525802,2,+debt -corr
ablation_full,severe_burst,50311,3788,240,4,4,0.0,0.0,0.08087983629336559,0.000877920080892608,0.01394700139470014,0.1333333333333333,99.16317991631799,70.7112970711297,0.9942083850053293,0.9998862194214684,18.0,5.3,0.10509065550906556,3,Full (corr+debt)
ablation_vou_only,severe_burst,50311,3788,240,4,4,0.0,0.0,0.09202687563559006,5.3939808228730754e-05,0.0,0.1333333333333333,99.581589958159,70.7112970711297,0.8072641192785338,0.45132641975308624,14.0,4.733333333333333,0.11555090655509066,3,VoU-only (R=I)
ablation_corr_nodebt,severe_burst,50311,3788,240,4,4,0.0,0.0,0.09202687563559006,5.3939808228730754e-05,0.0,0.1333333333333333,99.581589958159,70.7112970711297,0.8072641192785338,0.45132641975308624,14.0,4.733333333333333,0.11555090655509066,3,+corr -debt
ablation_debt_nocorr,severe_burst,50311,3788,240,4,4,0.0,0.0,0.08163426869684433,0.0008784414490934447,0.01394700139470014,0.1333333333333333,99.16317991631799,70.7112970711297,0.9938840314933217,0.9998862194214684,18.0,5.3,0.10509065550906556,3,+debt -corr
ablation_full,severe_burst,50328,5317,240,4,4,0.0,0.0,0.07315093150769235,0.007596160478730822,0.12552301255230125,0.1333333333333333,100.0,72.28033472803347,0.9213250267142473,0.9214364930534541,189.0,34.2,0.10718270571827057,4,Full (corr+debt)
ablation_vou_only,severe_burst,50328,5317,240,4,4,0.0,0.0,0.10174924856339515,0.008490320745118548,0.1394700139470014,0.1333333333333333,100.0,72.28033472803347,0.5335294804436658,0.5166107060087047,238.0,70.1,0.13228730822873083,4,VoU-only (R=I)
ablation_corr_nodebt,severe_burst,50328,5317,240,4,4,0.0,0.0,0.1307345855104423,0.11830672322384934,1.9665271966527196,0.1333333333333333,100.0,72.28033472803347,0.5288063414916389,0.5140825739678251,239.0,79.7,0.13228730822873083,4,+corr -debt
ablation_debt_nocorr,severe_burst,50328,5317,240,4,4,0.0,0.0,0.07079332125035596,0.008428021892259415,0.1394700139470014,0.1333333333333333,100.0,72.28033472803347,0.9145762033423387,0.9149607560467714,189.0,34.9,0.10718270571827057,4,+debt -corr
ablation_full,severe_burst,50345,5691,240,4,4,0.0,0.0,0.038705803503033216,0.007544911399232915,0.12552301255230125,0.1333333333333333,100.0,74.05857740585773,0.8929690858639143,0.8929690858639143,74.0,9.2,0.10404463040446305,5,Full (corr+debt)
ablation_vou_only,severe_burst,50345,5691,240,4,4,0.0,0.0,0.07965968279638558,0.0377241640223152,0.6276150627615062,0.1333333333333333,100.0,74.05857740585773,0.5629487274250372,0.5343155137739112,238.0,69.53333333333333,0.13228730822873083,5,VoU-only (R=I)
ablation_corr_nodebt,severe_burst,50345,5691,240,4,4,0.0,0.0,0.08280162370937952,0.03772725775383542,0.6276150627615062,0.1333333333333333,100.0,74.05857740585773,0.5708175629254884,0.5426722243993964,238.0,71.83333333333333,0.13228730822873083,5,+corr -debt
ablation_debt_nocorr,severe_burst,50345,5691,240,4,4,0.0,0.0,0.04067969327803601,0.0075480075739191065,0.12552301255230125,0.1333333333333333,100.0,74.05857740585773,0.8945423224492983,0.8945423224492983,74.0,9.1,0.10404463040446305,5,+debt -corr
ablation_full,severe_burst,50362,5739,240,4,4,0.0,0.0,0.04307269880239504,0.004199567316248256,0.0697350069735007,0.1333333333333333,100.0,74.3723849372385,0.8739108816217241,0.8739108816217241,129.0,14.1,0.10509065550906556,6,Full (corr+debt)
ablation_vou_only,severe_burst,50362,5739,240,4,4,0.0,0.0,0.08256727528769112,0.049442318427475596,0.8228730822873083,0.1333333333333333,100.0,74.3723849372385,0.5663605378942799,0.5541827354532001,239.0,80.86666666666666,0.13333333333333333,6,VoU-only (R=I)
ablation_corr_nodebt,severe_burst,50362,5739,240,4,4,0.0,0.0,0.0884403086617913,0.049456496427126906,0.8228730822873083,0.1333333333333333,100.0,74.3723849372385,0.5636569962502463,0.55517245568636,239.0,83.56666666666666,0.13333333333333333,6,+corr -debt
ablation_debt_nocorr,severe_burst,50362,5739,240,4,4,0.0,0.0,0.042029179738532596,0.0033611067747559274,0.05578800557880056,0.1333333333333333,100.0,74.3723849372385,0.8757699457636205,0.8757699457636205,129.0,13.833333333333334,0.10509065550906556,6,+debt -corr
ablation_full,severe_burst,50379,9067,240,4,4,0.0,0.0,0.18943499020721447,0.002737810951069271,0.04184100418410042,0.1333333333333333,100.0,74.47698744769873,0.990265678498677,0.9998862194214684,10.0,5.066666666666666,0.10509065550906556,7,Full (corr+debt)
ablation_vou_only,severe_burst,50379,9067,240,4,4,0.0,0.0,0.20383906892873047,0.002788137231403998,0.04184100418410042,0.1333333333333333,97.90794979079497,74.47698744769873,0.8732595692636961,0.2990824006806727,19.0,5.233333333333333,0.1092747559274756,7,VoU-only (R=I)
ablation_corr_nodebt,severe_burst,50379,9067,240,4,4,0.0,0.0,0.20189889993818075,0.002793384255888734,0.04184100418410042,0.1333333333333333,96.65271966527196,74.47698744769873,0.8986057853027344,0.30013135771332483,10.0,4.9,0.10822873082287308,7,+corr -debt
ablation_debt_nocorr,severe_burst,50379,9067,240,4,4,0.0,0.0,0.1808898385187694,0.0035506115601270723,0.05578800557880056,0.1333333333333333,98.74476987447699,74.47698744769873,0.987825335062688,0.9998862194214684,12.0,5.0,0.10718270571827057,7,+debt -corr
ablation_full,severe_burst,50396,9573,240,4,4,0.0,0.0,0.1280258604589065,0.0001002377136506276,0.0,0.1333333333333333,88.7029288702929,75.52301255230127,0.9951827170172906,0.9998862194214684,9.0,4.833333333333333,0.10509065550906556,8,Full (corr+debt)
ablation_vou_only,severe_burst,50396,9573,240,4,4,0.0,0.0,0.1281517283785581,0.0001017630692991633,0.0,0.1333333333333333,91.2133891213389,75.52301255230127,0.9581247117037772,0.2596350082952659,15.0,5.166666666666667,0.10718270571827057,8,VoU-only (R=I)
ablation_corr_nodebt,severe_burst,50396,9573,240,4,4,0.0,0.0,0.1281517283785581,0.0001017630692991633,0.0,0.1333333333333333,91.2133891213389,75.52301255230127,0.9581247117037772,0.2596350082952659,15.0,5.166666666666667,0.10718270571827057,8,+corr -debt
ablation_debt_nocorr,severe_burst,50396,9573,240,4,4,0.0,0.0,0.1280258604589065,0.0001002377136506276,0.0,0.1333333333333333,88.7029288702929,75.52301255230127,0.9951827170172906,0.9998862194214684,9.0,4.833333333333333,0.10509065550906556,8,+debt -corr
ablation_full,severe_burst,50413,11386,240,4,4,0.0,0.0,0.5517442660860482,0.005368979791841005,0.05578800557880056,0.1333333333333333,97.07112970711297,77.40585774058577,0.9916840277777766,0.9998205885570495,11.0,3.8666666666666667,0.10509065550906556,9,Full (corr+debt)
ablation_vou_only,severe_burst,50413,11386,240,4,4,0.0,0.0,0.6928008475073998,0.017092554289400277,0.22315202231520223,0.1333333333333333,98.74476987447699,77.40585774058577,0.9513031892747096,0.41254141501683667,13.0,4.0,0.1092747559274756,9,VoU-only (R=I)
ablation_corr_nodebt,severe_burst,50413,11386,240,4,4,0.0,0.0,0.727662943379795,0.01006925088005579,0.09762900976290098,0.1333333333333333,100.0,77.40585774058577,0.9302147582697191,0.4572743738304662,13.0,4.2,0.11136680613668061,9,+corr -debt
ablation_debt_nocorr,severe_burst,50413,11386,240,4,4,0.0,0.0,0.5476768511674177,0.006985606443165969,0.08368200836820083,0.1333333333333333,97.48953974895397,77.40585774058577,0.9912322943103176,0.9995581512347693,8.0,3.6333333333333333,0.10509065550906556,9,+debt -corr
ablation_full,severe_burst,50430,11723,240,4,4,0.0,0.0,0.18718931433250885,0.002712247718270572,0.04184100418410042,0.1333333333333333,99.16317991631799,69.14225941422593,0.9708264287231771,0.9900082325923989,23.0,8.7,0.1092747559274756,10,Full (corr+debt)
ablation_vou_only,severe_burst,50430,11723,240,4,4,0.0,0.0,0.20497789312264159,0.002763785005927476,0.04184100418410042,0.1333333333333333,98.74476987447699,69.14225941422593,0.7874007064702329,0.3120662692152724,96.0,12.533333333333333,0.12287308228730823,10,VoU-only (R=I)
ablation_corr_nodebt,severe_burst,50430,11723,240,4,4,0.0,0.0,0.2032680756129444,0.002759928647838215,0.04184100418410042,0.1333333333333333,98.74476987447699,69.14225941422593,0.7801816567643236,0.30715169113297836,45.0,9.966666666666667,0.12391910739191074,10,+corr -debt
ablation_debt_nocorr,severe_burst,50430,11723,240,4,4,0.0,0.0,0.18576136458116918,0.0010385302921896793,0.01394700139470014,0.1333333333333333,100.0,69.14225941422593,0.9742415520733386,0.990587674232077,24.0,9.2,0.10822873082287308,10,+debt -corr
ablation_full,severe_burst,50447,11886,240,4,4,0.0,0.0,0.18157593351952747,0.0010277018218270571,0.01394700139470014,0.1333333333333333,100.0,72.80334728033473,0.9858434189804317,0.9998862194214684,16.0,6.933333333333334,0.10718270571827057,11,Full (corr+debt)
ablation_vou_only,severe_burst,50447,11886,240,4,4,0.0,0.0,0.19462587222280883,0.0027441894138772664,0.04184100418410042,0.1333333333333333,99.581589958159,72.80334728033473,0.8661586868342235,0.2672561920636312,21.0,7.833333333333333,0.12601115760111575,11,VoU-only (R=I)
ablation_corr_nodebt,severe_burst,50447,11886,240,4,4,0.0,0.0,0.1954555218691967,0.0019118724951185495,0.02789400278940028,0.1333333333333333,99.581589958159,72.80334728033473,0.8693223756800966,0.27021938383300803,58.0,10.7,0.12496513249651325,11,+corr -debt
ablation_debt_nocorr,severe_burst,50447,11886,240,4,4,0.0,0.0,0.19035085103240681,0.004403081930962343,0.0697350069735007,0.1333333333333333,100.0,72.80334728033473,0.9884022235199954,0.9996893526722221,19.0,6.9,0.10509065550906556,11,+debt -corr
ablation_full,severe_burst,50464,14989,240,4,4,0.0,0.0,0.19395792105085488,0.0002852764965132498,0.0,0.1333333333333333,97.07112970711297,69.14225941422593,0.9926534158792212,0.9998862194214684,23.0,7.466666666666667,0.10613668061366806,12,Full (corr+debt)
ablation_vou_only,severe_burst,50464,14989,240,4,4,0.0,0.0,0.22043346020435328,0.00040593634832635975,0.0,0.1333333333333333,99.16317991631799,69.14225941422593,0.8506319688762302,0.37748480042294463,57.0,21.8,0.11868898186889819,12,VoU-only (R=I)
ablation_corr_nodebt,severe_burst,50464,14989,240,4,4,0.0,0.0,0.20621121957303928,0.00036171716283124117,0.0,0.1333333333333333,97.90794979079497,69.14225941422593,0.8512499534294542,0.37113850851972763,40.0,18.433333333333334,0.11764295676429568,12,+corr -debt
ablation_debt_nocorr,severe_burst,50464,14989,240,4,4,0.0,0.0,0.19879669256424795,0.00031604173082287295,0.0,0.1333333333333333,97.90794979079497,69.14225941422593,0.9942083850053293,0.9998862194214684,26.0,7.5,0.10613668061366806,12,+debt -corr
ablation_full,severe_burst,50481,16537,240,4,4,0.0,0.0,0.042198335795236436,0.006708219043584379,0.11157601115760112,0.1333333333333333,100.0,73.01255230125523,0.6627623315784126,0.6627623315784126,149.0,22.8,0.11555090655509066,13,Full (corr+debt)
ablation_vou_only,severe_burst,50481,16537,240,4,4,0.0,0.0,0.10511928747717177,0.017666361360529986,0.2928870292887029,0.1333333333333333,100.0,73.01255230125523,0.40030134202319617,0.39334452334839665,239.0,110.3,0.13228730822873083,13,VoU-only (R=I)
ablation_corr_nodebt,severe_burst,50481,16537,240,4,4,0.0,0.0,0.11395147403571633,0.01684586775906555,0.2789400278940028,0.1333333333333333,100.0,73.01255230125523,0.41184984903789806,0.4042319055959519,239.0,106.8,0.13228730822873083,13,+corr -debt
ablation_debt_nocorr,severe_burst,50481,16537,240,4,4,0.0,0.0,0.04644416487516298,0.005875187934449094,0.09762900976290098,0.1333333333333333,100.0,73.01255230125523,0.638428545482487,0.638428545482487,149.0,24.2,0.11555090655509066,13,+debt -corr
ablation_full,severe_burst,50498,19393,240,4,4,0.0,0.0,0.06492338998606169,0.004215437387726638,0.0697350069735007,0.1333333333333333,100.0,69.14225941422593,0.7342620711818103,0.7342620711818103,93.0,12.033333333333333,0.11345885634588564,14,Full (corr+debt)
ablation_vou_only,severe_burst,50498,19393,240,4,4,0.0,0.0,0.11518263210723395,0.005120940983263598,0.08368200836820083,0.1333333333333333,100.0,69.14225941422593,0.45934280228782787,0.4193906020558001,69.0,19.233333333333334,0.1312412831241283,14,VoU-only (R=I)
ablation_corr_nodebt,severe_burst,50498,19393,240,4,4,0.0,0.0,0.11865485297215647,0.003459223055788005,0.05578800557880056,0.1333333333333333,100.0,69.14225941422593,0.47231834625322977,0.43484731698497414,76.0,19.833333333333332,0.1312412831241283,14,+corr -debt
ablation_debt_nocorr,severe_burst,50498,19393,240,4,4,0.0,0.0,0.06337777781086543,0.005890799730822872,0.09762900976290098,0.1333333333333333,100.0,69.14225941422593,0.6578391995969188,0.6559412051789965,93.0,9.266666666666667,0.11450488145048815,14,+debt -corr
ablation_full,severe_burst,50515,20410,240,4,4,0.0,0.0,0.0650933253686727,2.6619779637377942e-05,0.0,0.1333333333333333,95.81589958158996,68.82845188284519,0.9931064458643011,0.9998862194214684,17.0,7.366666666666666,0.10509065550906556,15,Full (corr+debt)
ablation_vou_only,severe_burst,50515,20410,240,4,4,0.0,0.0,0.06938699017583337,3.247961924686189e-05,0.0,0.1333333333333333,97.07112970711297,68.82845188284519,0.9629704555991054,0.1932023524139301,105.0,9.966666666666667,0.11659693165969316,15,VoU-only (R=I)
ablation_corr_nodebt,severe_burst,50515,20410,240,4,4,0.0,0.0,0.06938699017583337,3.247961924686189e-05,0.0,0.1333333333333333,97.07112970711297,68.82845188284519,0.9629704555991054,0.1932023524139301,105.0,9.966666666666667,0.11659693165969316,15,+corr -debt
ablation_debt_nocorr,severe_burst,50515,20410,240,4,4,0.0,0.0,0.0650933253686727,2.6619779637377942e-05,0.0,0.1333333333333333,95.81589958158996,68.82845188284519,0.9931064458643011,0.9998862194214684,17.0,7.366666666666666,0.10509065550906556,15,+debt -corr
ablation_full,severe_burst,50532,20526,240,4,4,0.0,0.0,0.07762365123371157,3.836460808926082e-05,0.0,0.1333333333333333,95.81589958158996,69.4560669456067,0.9977902965194976,0.9998862194214684,8.0,3.5,0.10404463040446305,16,Full (corr+debt)
ablation_vou_only,severe_burst,50532,20526,240,4,4,0.0,0.0,0.10234200722264829,0.00014895391771269195,0.0,0.1333333333333333,89.1213389121339,69.4560669456067,0.9332353061307836,0.21096445669385847,201.0,10.033333333333333,0.12705718270571828,16,VoU-only (R=I)
ablation_corr_nodebt,severe_burst,50532,20526,240,4,4,0.0,0.0,0.10234200722264829,0.00014895391771269195,0.0,0.1333333333333333,89.1213389121339,69.4560669456067,0.9332353061307836,0.21096445669385847,201.0,10.033333333333333,0.12705718270571828,16,+corr -debt
ablation_debt_nocorr,severe_burst,50532,20526,240,4,4,0.0,0.0,0.07762365123371157,3.836460808926082e-05,0.0,0.1333333333333333,95.81589958158996,69.4560669456067,0.9977902965194976,0.9998862194214684,8.0,3.5,0.10404463040446305,16,+debt -corr
ablation_full,severe_burst,50549,20643,240,4,4,0.0,0.0,0.0670945925592032,2.7114700139470033e-05,0.0,0.1333333333333333,78.66108786610879,71.86192468619247,0.9949227084694089,0.9998862194214684,7.0,3.3333333333333335,0.10299860529986053,17,Full (corr+debt)
ablation_vou_only,severe_burst,50549,20643,240,4,4,0.0,0.0,0.09223960239575772,7.994804463040437e-05,0.0,0.1333333333333333,75.31380753138075,71.86192468619247,0.9342656198887789,0.24068935730914678,19.0,3.8333333333333335,0.11450488145048815,17,VoU-only (R=I)
ablation_corr_nodebt,severe_burst,50549,20643,240,4,4,0.0,0.0,0.09223960239575772,7.994804463040437e-05,0.0,0.1333333333333333,75.31380753138075,71.86192468619247,0.9342656198887789,0.24068935730914678,19.0,3.8333333333333335,0.11450488145048815,17,+corr -debt
ablation_debt_nocorr,severe_burst,50549,20643,240,4,4,0.0,0.0,0.0670945925592032,2.7114700139470033e-05,0.0,0.1333333333333333,78.66108786610879,71.86192468619247,0.9949227084694089,0.9998862194214684,7.0,3.3333333333333335,0.10299860529986053,17,+debt -corr
ablation_full,severe_burst,50566,20948,240,4,4,0.0,0.0,0.0454468228986403,1.182991213389121e-05,0.0,0.1333333333333333,94.14225941422595,71.86192468619247,0.9931064458643011,0.9998862194214684,15.0,7.0,0.10404463040446305,18,Full (corr+debt)
ablation_vou_only,severe_burst,50566,20948,240,4,4,0.0,0.0,0.04478125742206223,1.0959393305439359e-05,0.0,0.1333333333333333,93.72384937238493,71.86192468619247,0.8872992757422177,0.3514759948928576,17.0,7.2,0.1092747559274756,18,VoU-only (R=I)
ablation_corr_nodebt,severe_burst,50566,20948,240,4,4,0.0,0.0,0.04478125742206223,1.0959393305439359e-05,0.0,0.1333333333333333,93.72384937238493,71.86192468619247,0.8872992757422177,0.3514759948928576,17.0,7.2,0.1092747559274756,18,+corr -debt
ablation_debt_nocorr,severe_burst,50566,20948,240,4,4,0.0,0.0,0.0454468228986403,1.182991213389121e-05,0.0,0.1333333333333333,94.14225941422595,71.86192468619247,0.9931064458643011,0.9998862194214684,15.0,7.0,0.10404463040446305,18,+debt -corr
ablation_full,severe_burst,50583,22602,240,4,4,0.0,0.0,0.11804636946230847,7.785382426778249e-05,0.0,0.1333333333333333,93.30543933054393,70.92050209205021,0.9915549190643568,0.9998862194214684,12.0,5.7,0.10509065550906556,19,Full (corr+debt)
ablation_vou_only,severe_burst,50583,22602,240,4,4,0.0,0.0,0.15331391388666968,0.00025465156485355645,0.0,0.1333333333333333,92.46861924686192,70.92050209205021,0.8848252492980918,0.277849525129814,187.0,11.466666666666667,0.12601115760111575,19,VoU-only (R=I)
ablation_corr_nodebt,severe_burst,50583,22602,240,4,4,0.0,0.0,0.15331391388666968,0.00025465156485355645,0.0,0.1333333333333333,92.46861924686192,70.92050209205021,0.8848252492980918,0.277849525129814,187.0,11.466666666666667,0.12601115760111575,19,+corr -debt
ablation_debt_nocorr,severe_burst,50583,22602,240,4,4,0.0,0.0,0.11804636946230847,7.785382426778249e-05,0.0,0.1333333333333333,93.30543933054393,70.92050209205021,0.9915549190643568,0.9998862194214684,12.0,5.7,0.10509065550906556,19,+debt -corr
ablation_full,severe_burst,50600,23142,240,4,4,0.0,0.0,0.06335833228542874,0.0025362002859135287,0.04184100418410042,0.1333333333333333,99.581589958159,75.0,0.9624836766502369,0.9834882920110182,13.0,5.766666666666667,0.10822873082287308,20,Full (corr+debt)
ablation_vou_only,severe_burst,50600,23142,240,4,4,0.0,0.0,0.06416339992123828,0.005044652288702929,0.08368200836820083,0.1333333333333333,100.0,75.0,0.7343328673126672,0.2612425037588396,27.0,6.5,0.1197350069735007,20,VoU-only (R=I)
ablation_corr_nodebt,severe_burst,50600,23142,240,4,4,0.0,0.0,0.06293997225375947,0.005044188463040446,0.08368200836820083,0.1333333333333333,100.0,75.0,0.7334488957370308,0.2599274199970421,36.0,6.966666666666667,0.12078103207810321,20,+corr -debt
ablation_debt_nocorr,severe_burst,50600,23142,240,4,4,0.0,0.0,0.06657899450919874,0.00588908350069735,0.09762900976290098,0.1333333333333333,99.581589958159,75.0,0.9604203446826387,0.9885305124710656,16.0,6.233333333333333,0.1092747559274756,20,+debt -corr
ablation_full,severe_burst,50617,23364,240,4,4,0.0,0.0,0.06530715507071481,2.7207984658298425e-05,0.0,0.1333333333333333,100.0,64.9581589958159,0.9900082325923989,0.9998862194214684,17.0,7.466666666666667,0.10822873082287308,21,Full (corr+debt)
ablation_vou_only,severe_burst,50617,23364,240,4,4,0.0,0.0,0.0671602963210452,3.1943352859135346e-05,0.0,0.1333333333333333,99.581589958159,64.9581589958159,0.8281106157805075,0.22960908451411913,239.0,14.3,0.13333333333333333,21,VoU-only (R=I)
ablation_corr_nodebt,severe_burst,50617,23364,240,4,4,0.0,0.0,0.07116021977485866,3.5186647140864745e-05,0.0,0.1333333333333333,97.48953974895397,64.9581589958159,0.83546877285359,0.23148637832689983,239.0,15.6,0.13333333333333333,21,+corr -debt
ablation_debt_nocorr,severe_burst,50617,23364,240,4,4,0.0,0.0,0.06558209114963527,2.833020083682003e-05,0.0,0.1333333333333333,100.0,64.9581589958159,0.9898795598301696,0.9998862194214684,17.0,7.466666666666667,0.10718270571827057,21,+debt -corr
ablation_full,severe_burst,50634,24163,240,4,4,0.0,0.0,0.024403992407643113,3.305278940027893e-06,0.0,0.1333333333333333,95.81589958158996,66.73640167364016,0.9926534158792212,0.9998862194214684,22.0,7.066666666666666,0.10404463040446305,22,Full (corr+debt)
ablation_vou_only,severe_burst,50634,24163,240,4,4,0.0,0.0,0.024599478969529184,3.333845188284546e-06,0.0,0.1333333333333333,96.23430962343096,66.73640167364016,0.8297797388825328,0.35151655012730854,19.0,7.933333333333334,0.11136680613668061,22,VoU-only (R=I)
ablation_corr_nodebt,severe_burst,50634,24163,240,4,4,0.0,0.0,0.024599478969529184,3.333845188284546e-06,0.0,0.1333333333333333,96.23430962343096,66.73640167364016,0.8297797388825328,0.35151655012730854,19.0,7.933333333333334,0.11136680613668061,22,+corr -debt
ablation_debt_nocorr,severe_burst,50634,24163,240,4,4,0.0,0.0,0.024403992407643113,3.305278940027893e-06,0.0,0.1333333333333333,95.81589958158996,66.73640167364016,0.9926534158792212,0.9998862194214684,22.0,7.066666666666666,0.10404463040446305,22,+debt -corr
ablation_full,severe_burst,50651,25363,240,4,4,0.0,0.0,0.17828708856568512,0.00687646054358438,0.11157601115760112,0.1333333333333333,98.74476987447699,68.6192468619247,0.9873131103621111,0.9998862194214684,36.0,9.366666666666667,0.10718270571827057,23,Full (corr+debt)
ablation_vou_only,severe_burst,50651,25363,240,4,4,0.0,0.0,0.23246525173692634,0.010403948065550906,0.16736401673640167,0.1333333333333333,96.65271966527196,68.6192468619247,0.8322278679269329,0.2814119617696324,124.0,12.733333333333333,0.11032078103207811,23,VoU-only (R=I)
ablation_corr_nodebt,severe_burst,50651,25363,240,4,4,0.0,0.0,0.20784391892712373,0.011129553030334728,0.18131101813110181,0.1333333333333333,95.81589958158996,68.6192468619247,0.8356062684001675,0.2875966065000125,74.0,12.133333333333333,0.11136680613668061,23,+corr -debt
ablation_debt_nocorr,severe_burst,50651,25363,240,4,4,0.0,0.0,0.17764179135276104,0.006873468929567643,0.11157601115760112,0.1333333333333333,99.581589958159,68.6192468619247,0.9885305124710656,0.9998862194214684,36.0,9.666666666666666,0.10613668061366806,23,+debt -corr
ablation_full,severe_burst,50668,26663,240,4,4,0.0,0.0,0.09922208294587884,6.358197629009772e-05,0.0,0.1333333333333333,83.68200836820084,72.90794979079497,0.9947927551375816,0.9998862194214684,7.0,3.3666666666666667,0.10404463040446305,24,Full (corr+debt)
ablation_vou_only,severe_burst,50668,26663,240,4,4,0.0,0.0,0.15048960424835414,0.0005166864797768486,0.0,0.1333333333333333,86.19246861924687,72.90794979079497,0.9580041928721164,0.18389350331594873,237.0,11.7,0.1312412831241283,24,VoU-only (R=I)
ablation_corr_nodebt,severe_burst,50668,26663,240,4,4,0.0,0.0,0.15048960424835414,0.0005166864797768486,0.0,0.1333333333333333,86.19246861924687,72.90794979079497,0.9580041928721164,0.18389350331594873,237.0,11.7,0.1312412831241283,24,+corr -debt
ablation_debt_nocorr,severe_burst,50668,26663,240,4,4,0.0,0.0,0.09922208294587884,6.358197629009772e-05,0.0,0.1333333333333333,83.68200836820084,72.90794979079497,0.9947927551375816,0.9998862194214684,7.0,3.3666666666666667,0.10404463040446305,24,+debt -corr
ablation_full,severe_burst,50685,27322,240,4,4,0.0,0.0,0.025840135391896994,3.6277768479776808e-06,0.0,0.1333333333333333,88.28451882845188,73.74476987447699,0.995638059132404,0.9998862194214684,10.0,4.8,0.10404463040446305,25,Full (corr+debt)
ablation_vou_only,severe_burst,50685,27322,240,4,4,0.0,0.0,0.025892059755600015,3.6428117154811633e-06,0.0,0.1333333333333333,88.7029288702929,73.74476987447699,0.9559600016735691,0.29854311212156837,12.0,4.9,0.10613668061366806,25,VoU-only (R=I)
ablation_corr_nodebt,severe_burst,50685,27322,240,4,4,0.0,0.0,0.025892059755600015,3.6428117154811633e-06,0.0,0.1333333333333333,88.7029288702929,73.74476987447699,0.9559600016735691,0.29854311212156837,12.0,4.9,0.10613668061366806,25,+corr -debt
ablation_debt_nocorr,severe_burst,50685,27322,240,4,4,0.0,0.0,0.025840135391896994,3.6277768479776808e-06,0.0,0.1333333333333333,88.28451882845188,73.74476987447699,0.995638059132404,0.9998862194214684,10.0,4.8,0.10404463040446305,25,+debt -corr
ablation_full,severe_burst,50702,27547,240,4,4,0.0,0.0,0.03294355728845889,6.414489539748942e-06,0.0,0.1333333333333333,92.05020920502092,74.7907949790795,0.9936895209515721,0.9998862194214684,12.0,5.333333333333333,0.10509065550906556,26,Full (corr+debt)
ablation_vou_only,severe_burst,50702,27547,240,4,4,0.0,0.0,0.03273859870137217,6.061238493723851e-06,0.0,0.1333333333333333,89.1213389121339,74.7907949790795,0.9349537605368679,0.3227038402327584,12.0,5.233333333333333,0.1092747559274756,26,VoU-only (R=I)
ablation_corr_nodebt,severe_burst,50702,27547,240,4,4,0.0,0.0,0.03273859870137217,6.061238493723851e-06,0.0,0.1333333333333333,89.1213389121339,74.7907949790795,0.9349537605368679,0.3227038402327584,12.0,5.233333333333333,0.1092747559274756,26,+corr -debt
ablation_debt_nocorr,severe_burst,50702,27547,240,4,4,0.0,0.0,0.03294355728845889,6.414489539748942e-06,0.0,0.1333333333333333,92.05020920502092,74.7907949790795,0.9936895209515721,0.9998862194214684,12.0,5.333333333333333,0.10509065550906556,26,+debt -corr
ablation_full,severe_burst,50719,29043,240,4,4,0.0,0.0,0.10913777088809261,8.671619525801943e-05,0.0,0.1333333333333333,98.32635983263599,70.81589958158996,0.9859072276159644,0.9998862194214684,16.0,4.6,0.10718270571827057,27,Full (corr+debt)
ablation_vou_only,severe_burst,50719,29043,240,4,4,0.0,0.0,0.09838222960326942,6.169769735006971e-05,0.0,0.1333333333333333,95.81589958158996,70.81589958158996,0.8047903347950892,0.36319186138928616,20.0,6.4,0.11241283124128312,27,VoU-only (R=I)
ablation_corr_nodebt,severe_burst,50719,29043,240,4,4,0.0,0.0,0.09838222960326942,6.169769735006971e-05,0.0,0.1333333333333333,95.81589958158996,70.81589958158996,0.8047903347950892,0.36319186138928616,20.0,6.4,0.11241283124128312,27,+corr -debt
ablation_debt_nocorr,severe_burst,50719,29043,240,4,4,0.0,0.0,0.10913777088809261,8.671619525801943e-05,0.0,0.1333333333333333,98.32635983263599,70.81589958158996,0.9859072276159644,0.9998862194214684,16.0,4.6,0.10718270571827057,27,+debt -corr
ablation_full,severe_burst,50736,29524,240,4,4,0.0,0.0,0.19426744843374813,0.0012019389023709903,0.01394700139470014,0.1333333333333333,92.05020920502092,73.32635983263597,0.994597888780062,0.9998862194214684,12.0,4.366666666666666,0.10509065550906556,28,Full (corr+debt)
ablation_vou_only,severe_burst,50736,29524,240,4,4,0.0,0.0,0.1435490842017997,0.0001279010027894003,0.0,0.1333333333333333,94.97907949790795,73.32635983263597,0.9637625224085195,0.3097374164599346,8.0,4.066666666666666,0.10718270571827057,28,VoU-only (R=I)
ablation_corr_nodebt,severe_burst,50736,29524,240,4,4,0.0,0.0,0.1435490842017997,0.0001279010027894003,0.0,0.1333333333333333,94.97907949790795,73.32635983263597,0.9637625224085195,0.3097374164599346,8.0,4.066666666666666,0.10718270571827057,28,+corr -debt
ablation_debt_nocorr,severe_burst,50736,29524,240,4,4,0.0,0.0,0.2054601746522038,0.001242420351464435,0.01394700139470014,0.1333333333333333,90.7949790794979,73.32635983263597,0.996354439211581,0.9998862194214684,9.0,4.366666666666666,0.10404463040446305,28,+debt -corr
ablation_full,severe_burst,50753,31034,240,4,4,0.0,0.0,0.35748896320249285,0.004084884032078103,0.05578800557880056,0.1333333333333333,96.65271966527196,74.05857740585773,0.9882739678626257,0.9992302982594233,14.0,6.533333333333333,0.10613668061366806,29,Full (corr+debt)
ablation_vou_only,severe_burst,50753,31034,240,4,4,0.0,0.0,0.37375632100299827,0.004211284469665272,0.05578800557880056,0.1333333333333333,97.07112970711297,74.05857740585773,0.8303677860154085,0.4609552630251675,14.0,6.333333333333333,0.11450488145048815,29,VoU-only (R=I)
ablation_corr_nodebt,severe_burst,50753,31034,240,4,4,0.0,0.0,0.37375632100299827,0.004211284469665272,0.05578800557880056,0.1333333333333333,97.07112970711297,74.05857740585773,0.8303677860154085,0.4609552630251675,14.0,6.333333333333333,0.11450488145048815,29,+corr -debt
ablation_debt_nocorr,severe_burst,50753,31034,240,4,4,0.0,0.0,0.35760424573825106,0.004085155923988843,0.05578800557880056,0.1333333333333333,96.65271966527196,74.05857740585773,0.9881457454859973,0.9989026602837333,13.0,6.3,0.10613668061366806,29,+debt -corr
